UUID,session,bill_number
WI2001A10,2001,AB10
WI2001A11,2001,AB11
WI2001A12,2001,AB12
WI2001A144,2001,AB144
WI2001A158,2001,AB158
WI2001A188,2001,AB188
WI2001A259,2001,AB259
WI2001A309,2001,AB309
WI2001A339,2001,AB339
WI2001A373,2001,AB373
WI2001A38,2001,AB38
WI2001A39,2001,AB39
WI2001A40,2001,AB40
WI2001A41,2001,AB41
WI2001A49,2001,AB49
WI2001A548,2001,AB548
WI2001A589,2001,AB589
WI2001A641,2001,AB641
WI2001AJR14,2001,AJR14
WI2001S110,2001,SB110
WI2001S127,2001,SB127
WI2001S205,2001,SB205
WI2001S55,2001,SB55
WI2002A10,2001,AB10
WI2002A11,2001,AB11
WI2002A12,2001,AB12
WI2002A144,2001,AB144
WI2002A158,2001,AB158
WI2002A188,2001,AB188
WI2002A259,2001,AB259
WI2002A309,2001,AB309
WI2002A339,2001,AB339
WI2002A373,2001,AB373
WI2002A38,2001,AB38
WI2002A39,2001,AB39
WI2002A40,2001,AB40
WI2002A41,2001,AB41
WI2002A49,2001,AB49
WI2002A548,2001,AB548
WI2002A589,2001,AB589
WI2002A641,2001,AB641
WI2002A710,2001,AB710
WI2002A765,2001,AB765
WI2002A826,2001,AB826
WI2002AJR14,2001,AJR14
WI2002S110,2001,SB110
WI2002S127,2001,SB127
WI2002S205,2001,SB205
WI2002S477,2001,SB477
WI2003A111,2003,AB111
WI2003A112,2003,AB112
WI2003A113,2003,AB113
WI2003A114,2003,AB114
WI2003A115,2003,AB115
WI2003A120,2003,AB120
WI2003A121,2003,AB121
WI2003A172,2003,AB172
WI2003A175,2003,AB175
WI2003A190,2003,AB190
WI2003A310,2003,AB310
WI2003A47,2003,AB47
WI2003A518,2003,AB518
WI2003A600,2003,AB600
WI2003A680,2003,AB680
WI2003S18,2003,SB18
WI2003S59,2003,SB59
WI2003S68,2003,SB68
WI2003S76,2003,SB76
WI2003S81,2003,SB81
WI2004A113,2003,AB113
WI2004A114,2003,AB114
WI2004A115,2003,AB115
WI2004A120,2003,AB120
WI2004A172,2003,AB172
WI2004A175,2003,AB175
WI2004A190,2003,AB190
WI2004A310,2003,AB310
WI2004A47,2003,AB47
WI2004A518,2003,AB518
WI2004A600,2003,AB600
WI2004A680,2003,AB680
WI2004A849,2003,AB849
WI2004S18,2003,SB18
WI2004S59,2003,SB59
WI2004S68,2003,SB68
WI2004S76,2003,SB76
WI2004S81,2003,SB81
WI2005A196,2005,AB196
WI2005A377,2005,AB377
WI2005A513,2005,AB513
WI2005A542,2005,AB542
WI2005A61,2005,AB61
WI2005A627,2005,AB627
WI2005A63,2005,AB63
WI2005A64,2005,AB64
WI2005A707,2005,AB707
WI2005A782,2005,AB782
WI2005A808,2005,AB808
WI2005A888,2005,AB888
WI2005AJR36,2005,AJR36
WI2005S1,2005,SB1
WI2005S100,2005,SB100
WI2005S119,2005,SB119
WI2005S249,2005,SB249
WI2005S296,2005,SB296
WI2005S341,2005,SB341
WI2005S355,2005,SB355
WI2005S396,2005,SB396
WI2005S419,2005,SB419
WI2005S42,2005,SB42
WI2005S468,2005,SB468
WI2006A1059,2005,AB1059
WI2006A196,2005,AB196
WI2006A377,2005,AB377
WI2006A513,2005,AB513
WI2006A542,2005,AB542
WI2006A627,2005,AB627
WI2006A64,2005,AB64
WI2006A707,2005,AB707
WI2006A782,2005,AB782
WI2006A808,2005,AB808
WI2006A888,2005,AB888
WI2006AJR36,2005,AJR36
WI2006S1,2005,SB1
WI2006S100,2005,SB100
WI2006S119,2005,SB119
WI2006S249,2005,SB249
WI2006S296,2005,SB296
WI2006S341,2005,SB341
WI2006S355,2005,SB355
WI2006S396,2005,SB396
WI2006S419,2005,SB419
WI2006S468,2005,SB468
WI2006S564,2005,SB564
WI2006S612,2005,SB612
WI2006S634,2005,SB634
WI2006S635,2005,SB635
WI2007A126,2007,AB126
WI2007A158,2007,AB158
WI2007A295,2007,AB295
WI2007A313,2007,AB313
WI2007A390,2007,AB390
WI2007A530,2007,AB530
WI2007A539,2007,AB539
WI2007A587,2007,AB587
WI2007A589,2007,AB589
WI2007A630,2007,AB630
WI2007AJR17,2007,AJR17
WI2007AJR81,2007,AJR81
WI2007S200,2007,SB200
WI2007S6,2007,SB6
WI2008A126,2007,AB126
WI2008A158,2007,AB158
WI2008A295,2007,AB295
WI2008A313,2007,AB313
WI2008A390,2007,AB390
WI2008A530,2007,AB530
WI2008A549,2007,AB549
WI2008A587,2007,AB587
WI2008A589,2007,AB589
WI2008A630,2007,AB630
WI2008A903,2007,AB903
WI2008A904,2007,AB904
WI2008AJR101,2007,AJR101
WI2008AJR17,2007,AJR17
WI2008AJR81,2007,AJR81
WI2008S200,2007,SB200
WI2008S567,2007,SB567
WI2008S6,2007,SB6
WI2009A317,2009,AB317
WI2009A330,2009,AB330
WI2009A353,2009,AB353
WI2009A39,2009,AB39
WI2009A406,2009,AB406
WI2009A545,2009,AB545
WI2009AJR2,2009,AJR2
WI2009AJR39,2009,AJR39
WI2009AJR59,2009,AJR59
WI2009S179,2009,SB179
WI2009S227,2009,SB227
WI2009S240,2009,SB240
WI2009S272,2009,SB272
WI2009S322,2009,SB322
WI2009S350,2009,SB350
WI2009SJRR39,2009,SJRR39
WI2009SJRR49,2009,SJRR49
WI2010A317,2009,AB317
WI2010A330,2009,AB330
WI2010A353,2009,AB353
WI2010A39,2009,AB39
WI2010A406,2009,AB406
WI2010A545,2009,AB545
WI2010A646,2009,AB646
WI2010A892,2009,AB892
WI2010A947,2009,AB947
WI2010AJR125,2009,AJR125
WI2010AJR2,2009,AJR2
WI2010AJR39,2009,AJR39
WI2010S179,2009,SB179
WI2010S227,2009,SB227
WI2010S240,2009,SB240
WI2010S272,2009,SB272
WI2010S322,2009,SB322
WI2010S350,2009,SB350
WI2010S435,2009,SB435
WI2010S549,2009,SB549
WI2010S645,2009,SB645
WI2010SJRR39,2009,SJRR39
WI2010SJRR49,2009,SJRR49
WI2011A161,2011,AB161
WI2011A162,2011,AB162
WI2011A169,2011,AB169
WI2011A170,2011,AB170
WI2011A268,2011,AB268
WI2011A67,2011,AB67
WI2011A7,2011,AB7
WI2011AJR51,2011,AJR51
WI2011AJR56,2011,AJR56
WI2011S115,2011,SB115
WI2011S116,2011,SB116
WI2011S165,2011,SB165
WI2011S167,2011,SB167
WI2011S6,2011,SB6
WI2012A161,2011,AB161
WI2012A162,2011,AB162
WI2012A169,2011,AB169
WI2012A170,2011,AB170
WI2012A268,2011,AB268
WI2012A365,2011,AB365
WI2012A370,2011,AB370
WI2012A393,2011,AB393
WI2012A444,2011,AB444
WI2012A460,2011,AB460
WI2012A476,2011,AB476
WI2012A481,2011,AB481
WI2012A525,2011,AB525
WI2012A639,2011,AB639
WI2012A67,2011,AB67
WI2012A7,2011,AB7
WI2012A724,2011,AB724
WI2012A738,2011,AB738
WI2012A746,2011,AB746
WI2012AJR137,2011,AJR137
WI2012AJR51,2011,AJR51
WI2012AJR56,2011,AJR56
WI2012S115,2011,SB115
WI2012S116,2011,SB116
WI2012S165,2011,SB165
WI2012S167,2011,SB167
WI2012S247,2011,SB247
WI2012S267,2011,SB267
WI2012S269,2011,SB269
WI2012S271,2011,SB271
WI2012S298,2011,SB298
WI2012S311,2011,SB311
WI2012S323,2011,SB323
WI2012S329,2011,SB329
WI2012S334,2011,SB334
WI2012S340,2011,SB340
WI2012S381,2011,SB381
WI2012S386,2011,SB386
WI2012S481,2011,SB481
WI2012S528,2011,SB528
WI2012S553,2011,SB553
WI2012S6,2011,SB6
WI2013113,2013,NA2013113
WI2013A18,2013,AB18
WI2013A202,2013,AB202
WI2013A235,2013,AB235
WI2013A24,2013,AB24
WI2013A268,2013,AB268
WI2013A393,2013,AB393
WI2013A394,2013,AB394
WI2013A396,2013,AB396
WI2013A418,2013,AB418
WI2013A419,2013,AB419
WI2013A493,2013,AB493
WI2013A54,2013,AB54
WI2013A92,2013,AB92
WI2013S14,2013,SB14
WI2013S158,2013,SB158
WI2013S173,2013,SB173
WI2013S198,2013,SB198
WI2013S20,2013,SB20
WI2013S261,2013,SB261
WI2013S262,2013,SB262
WI2013S263,2013,SB263
WI2013S264,2013,SB264
WI2013S265,2013,SB265
WI2013S266,2013,SB266
WI2013S267,2013,SB267
WI2013S297,2013,SB297
WI2013S324,2013,SB324
WI2013S377,2013,SB377
WI2013S404,2013,SB404
WI2013S91,2013,SB91
WI2013S94,2013,SB94
WI2014A18,2013,AB18
WI2014A202,2013,AB202
WI2014A235,2013,AB235
WI2014A24,2013,AB24
WI2014A268,2013,AB268
WI2014A393,2013,AB393
WI2014A394,2013,AB394
WI2014A396,2013,AB396
WI2014A418,2013,AB418
WI2014A419,2013,AB419
WI2014A493,2013,AB493
WI2014A54,2013,AB54
WI2014A565,2013,AB565
WI2014A603,2013,AB603
WI2014A613,2013,AB613
WI2014A629,2013,AB629
WI2014A689,2013,AB689
WI2014A690,2013,AB690
WI2014A753,2013,AB753
WI2014A837,2013,AB837
WI2014A869,2013,AB869
WI2014A886,2013,AB886
WI2014A89,2013,AB89
WI2014A92,2013,AB92
WI2014AJR121,2013,AJR121
WI2014S14,2013,SB14
WI2014S158,2013,SB158
WI2014S173,2013,SB173
WI2014S198,2013,SB198
WI2014S20,2013,SB20
WI2014S261,2013,SB261
WI2014S262,2013,SB262
WI2014S263,2013,SB263
WI2014S264,2013,SB264
WI2014S265,2013,SB265
WI2014S266,2013,SB266
WI2014S267,2013,SB267
WI2014S297,2013,SB297
WI2014S324,2013,SB324
WI2014S377,2013,SB377
WI2014S404,2013,SB404
WI2014S506,2013,SB506
WI2014S548,2013,SB548
WI2014S616,2013,SB616
WI2014S644,2013,SB644
WI2014S91,2013,SB91
WI2014S94,2013,SB94
WI1995A694,1995,AB694
WI1995A221,1995,AB221
WI1995S111,1995,SB111
WI1995A150,1995,AB150
WI1995S286,1995,SB286
WI1995A1083,1995,AB1083
WI1995A577,1995,AB577
WI1995S333,1995,SB333
WI1995A254,1995,AB254
WI1995S613,1995,SB613
WI1995S125,1995,SB125
WI1995S496,1995,SB496
WI1995A409,1995,AB409
WI1995A1083,1995,AB1083
WI1995A289,1995,AB289
WI1995A613,1995,AB613
WI1995A190,1995,AB190
WI1995NA55,1995,SJR55
WI1995A982,1995,AB982
WI1995S15,1995,SB15
WI1995A936,1995,AB936
WI1995S12,1995,SB12
WI1995A150,1995,AB150
WI1995A392,1995,AB392
WI1995A37,1995,AB37
WI1995A953,1995,AB953
WI1995A694,1995,AB694
WI1995A537,1995,AB537
WI1995A150,1995,AB150
WI1995S286,1995,SB286
WI1995A694,1995,AB694
WI1995A221,1995,AB221
WI1995S111,1995,SB111
WI1995A694,1995,AB694
WI1995A814,1995,AB814
WI1995S333,1995,SB333
WI1995A694,1995,AB694
WI1995A221,1995,AB221
WI1995S111,1995,SB111
WI1995A136,1995,AB136
WI1995S15,1995,SB15
WI1997A699,1997,AB699
WI1997A959,1997,AB959
WI1997A213,1997,AB213
WI1997A4,1997,AB4
WI1997A550,1997,AB550
WI1997S91,1997,SB91
WI1997A959,1997,AB959
WI1997S71,1997,SB71
WI1997A427,1997,AB427
WI1997A30,1997,AB30
WI1997A959,1997,AB959
WI1997A394,1997,AB394
WI1997A142,1997,AB142
WI1997A959,1997,AB959
WI1997S128,1997,SB128
WI1997S434,1997,SB434
WI1997A100,1997,AB100
WI1997S19,1997,SB19
WI1997A959,1997,AB959
WI1997A398,1997,AB398
WI1997A100,1997,AB100
WI1997A100,1997,AB100
WI1997S77,1997,SB77
WI1997S1,1997,SB1
WI1997A829,1997,AB829
WI1997S463,1997,SB463
WI1997A150,1997,AB150
WI1997S109,1997,SB109
WI1997S7,1997,SB7
WI1997A959,1997,AB959
WI1997A100,1997,AB100
WI1997S7,1997,SB7
WI1997A371,1997,AB371
WI1997A960,1997,AB960
WI1997A532,1997,AB532
WI1997S305,1997,SB305
WI1997A396,1997,AB396
WI1997A100,1997,AB100
WI1997A394,1997,AB394
WI1997A959,1997,AB959
WI1997S212,1997,SB212
WI1999A256,1999,AB256
WI1999A700,1999,AB700
WI1999A701,1999,AB701
WI1999A434,1999,AB434
WI1999A434,1999,AB434
WI1999A700,1999,AB700
WI1999A443,1999,AB443
WI1999A110,1999,AB110
WI1999A208,1999,AB208
WI1999NA33,1999,AJR33
WI1999A230,1999,AB230
WI1999S227,1999,SB227
WI1999S42,1999,SB42
WI1999A700,1999,AB700
WI1999A434,1999,AB434
WI1999A156,1999,AB156
WI1999A700,1999,AB700
WI1999A598,1999,AB598
WI1999A434,1999,AB434
WI1999A240,1999,AB240
WI1999A700,1999,AB700
WI1999A701,1999,AB701
WI1999A434,1999,AB434
WI1999A337,1999,AB337
WI1999S175,1999,SB175
WI1999A434,1999,AB434
WI1999A682,1999,AB682
WI1999S340,1999,SB340
WI1999A700,1999,AB700
WI1999A701,1999,AB701
WI1999A434,1999,AB434
WI1999A363,1999,AB363
WI1999A649,1999,AB649
WI1999A700,1999,AB700
WI1999A701,1999,AB701
WI1999A434,1999,AB434
WI1999A133,1999,AB133
WI1999A343,1999,AB343
WI1999A434,1999,AB434
WI1999A413,1999,AB413
WI1999A256,1999,AB256
WI1999A701,1999,AB701
WI1999A434,1999,AB434
WI1999A435,1999,AB435
WI1999A133,1999,AB133
WI1999A133,1999,AB133
WI1999S45,1999,SB45
WI1999A893,1999,AB893
WI1999A105,1999,AB105
WI1999A854,1999,AB854
WI1999A893,1999,AB893
WI1999NA92,1999,AJR92
WI1999A598,1999,AB598
